{
  "creds": {
    "noiseKey": {
      "private": {
        "type": "Buffer",
        "data": "cEzRbd2TwYxu5ULiNo3qSLVh8SW+K8moj1hss99fl2Q="
      },
      "public": {
        "type": "Buffer",
        "data": "DJUPcGxMgp0CWKpqRchDaK69/n137zD0b8y5Gdk2wEI="
      }
    },
    "signedIdentityKey": {
      "private": {
        "type": "Buffer",
        "data": "iMEzy6mEr/obz65JO69HtsbG3kszBH3fo+KPXPtooF0="
      },
      "public": {
        "type": "Buffer",
        "data": "BldENqyOo+N/Y3bcgbSBdXCxoPHAKW3LidF0xVlIZH4="
      }
    },
    "signedPreKey": {
      "keyPair": {
        "private": {
          "type": "Buffer",
          "data": "mEMAY5oIA4yr1W9/YkC2d9XQ9wEGp/uaZaXfU7RI41o="
        },
        "public": {
          "type": "Buffer",
          "data": "qM8hlr9gmW2fCpIEwzKAUiCjdGS9e+CcR6B2RsrUOzQ="
        }
      },
      "signature": {
        "type": "Buffer",
        "data": "kVb2ybXk7o+wgFM6PI2vODRhjvsYevwA2EEAnh23XHgLPwbtL23jyv2ZWNKyaZyXkE75NYsGgeqsckU7AjkKgQ=="
      },
      "keyId": 1
    },
    "registrationId": 1,
    "advSecretKey": "ta5x9BKA8145or8wSQ5+2pdLosIn+OCmJCdgtyEp9SA=",
    "nextPreKeyId": 31,
    "firstUnuploadedPreKeyId": 31,
    "serverHasPreKeys": true,
    "account": {
      "details": "CO2ipjMQho3ZlwYYAg==",
      "accountSignatureKey": "vdQxDZFaN23gn8c1TPTQSptQYBNYGTQpkhBfBSFzQys=",
      "accountSignature": "+gIt1nxxo2IFZlLEWekppYllNMOD+rTkPmEqaV+pHC2mIYN7/EFVnNt54KDJLwOIIjEWZaZJFozk/UszXCXJDA==",
      "deviceSignature": "GcsW0kO+t5t3xjTDJERvtFeSzHxt10Ti1S5MuJJD38svM2ZLMrd9o7mjqz+OY2SNsQwATMOTW76qOajTqZHPig=="
    },
    "me": {
      "id": "628979530736:23@s.whatsapp.net",
      "verifiedName": "",
      "jid": "628979530736@s.whatsapp.net",
      "name": "BotzzMee"
    },
    "signalIdentities": [
      {
        "identifier": {
          "name": "628979530736:23@s.whatsapp.net",
          "deviceId": 0
        },
        "identifierKey": {
          "type": "Buffer",
          "data": "Bb3UMQ2RWjdt4J/HNUz00EqbUGATWBk0KZIQXwUhc0Mr"
        }
      }
    ],
    "lastAccountSyncTimestamp": 1660307081,
    "myAppStateKeyId": "AAAAACz7"
  },
  "keys": {
    "preKeys": {
      "1": {
        "private": {
          "type": "Buffer",
          "data": "SKLOvRrG5cVn7luRnnnRGE6UHqmlyK/J3FhfLtw1xUo="
        },
        "public": {
          "type": "Buffer",
          "data": "yCV3BnzQtikoZhRAheiNFWZpGx7pWUBj1w5H/KqHnBY="
        }
      },
      "2": {
        "private": {
          "type": "Buffer",
          "data": "EOyh1WumFb7fGFBqLrCTNRERRnIt0Ox+T4tiVOEkEms="
        },
        "public": {
          "type": "Buffer",
          "data": "8JOJBD6n8IPxBEbyjvxiV8g0xJpe5g/G34I5S7Dg7lc="
        }
      },
      "3": {
        "private": {
          "type": "Buffer",
          "data": "iADQWsXPDt+1Q1L6HCC8pLG7u5PjYlp1ckyY8zLGIWk="
        },
        "public": {
          "type": "Buffer",
          "data": "Oukbm/Kt56SmlTXbsdF0LoFQ1Bi9XqsDbzMLnlseA1g="
        }
      },
      "4": {
        "private": {
          "type": "Buffer",
          "data": "ADjKQsIs9EK4UhBxv0YRkEFi6JBmJK1cE6JqH/JpzkA="
        },
        "public": {
          "type": "Buffer",
          "data": "RaiUA21QdFz9dI/xNpzeyvSMT5IqthvB6kIimr1nUBo="
        }
      },
      "5": {
        "private": {
          "type": "Buffer",
          "data": "OGngXhmjHV7VJGUOrACpA692U9WLXPuIWnFn1Grmb1U="
        },
        "public": {
          "type": "Buffer",
          "data": "+Q2sTyCUv3Ox9OuOvb56KETLmbXxMCllJLuDiuq6E00="
        }
      },
      "6": {
        "private": {
          "type": "Buffer",
          "data": "iH8/veAvKci0jXU0NdR2s+PlEOaQfPBeFTAfTElc81Y="
        },
        "public": {
          "type": "Buffer",
          "data": "wZterejbN7WR9FzHxxAFRxjaTajTjQWdRm7TL+ZVpyE="
        }
      },
      "7": {
        "private": {
          "type": "Buffer",
          "data": "iG+du1NQ21dXtzbD1M484lO/Hw6HxXMnpZLt4upSJUQ="
        },
        "public": {
          "type": "Buffer",
          "data": "v0XrHMoiFGqZ30wz1X+sbAHVKoAUnHiF8LCw7KDnoVw="
        }
      },
      "8": {
        "private": {
          "type": "Buffer",
          "data": "aAbQHGw87FdGBd6FiXdEVrgApwNLMHpO17RLoVnojHY="
        },
        "public": {
          "type": "Buffer",
          "data": "UYXKBytlmRjPOBEJAcL+MMwDp7MZHxyKNonONejKNmA="
        }
      },
      "9": {
        "private": {
          "type": "Buffer",
          "data": "+DXsOw5yL4I38RvFEtYwm+2yO6jmiX3iJnGQArU7sU4="
        },
        "public": {
          "type": "Buffer",
          "data": "eiIxLdopdGoqcybEAhFQGL2ZUuX3V2vfN00wmgkC030="
        }
      },
      "10": {
        "private": {
          "type": "Buffer",
          "data": "uL79OOSIH2eS4ImbBSLL4z7ELPadIS+/iHeFdcczvEQ="
        },
        "public": {
          "type": "Buffer",
          "data": "NsZN7wW8a1HwVGZkNf+BaiZWa9QGFn5J8ABNH74KjhA="
        }
      },
      "11": {
        "private": {
          "type": "Buffer",
          "data": "GPfIwB6VHPQnEHnkj/xP3qdpGT5sUQ8qoX1SFSDLw2s="
        },
        "public": {
          "type": "Buffer",
          "data": "JbhboP/0HXjr9T2aGHHUYzVBt10TMRGA6UQd+T36kUk="
        }
      },
      "12": {
        "private": {
          "type": "Buffer",
          "data": "oCQASWPNqwztiiGzEO0DsX8vJOl7IVm9SrG0LM0JMFU="
        },
        "public": {
          "type": "Buffer",
          "data": "Oe3sq1YPG+aAYlHjFMqKwJdDibV9NFKJpWphaHCWuU4="
        }
      },
      "13": {
        "private": {
          "type": "Buffer",
          "data": "gAQZRNSTERjo0cW/XT4o72ArVY8+LeguSjf6KwXahGA="
        },
        "public": {
          "type": "Buffer",
          "data": "CFRjRSPn2O0/FQYkqcgnd/HpN2icdt4TCwETOA0BoXY="
        }
      },
      "14": {
        "private": {
          "type": "Buffer",
          "data": "eE5yXeV4NYJu1gNG544duTN+ski59SNybrq0NIgj61w="
        },
        "public": {
          "type": "Buffer",
          "data": "87a5zmmrYb/iv6mO5PmrmsgDqGh/KiagWwTywMap5Cc="
        }
      },
      "15": null,
      "16": {
        "private": {
          "type": "Buffer",
          "data": "0Pu9Eh4L5nKckt8Us+geott0fXT+q4fLr1GHP6ZApkw="
        },
        "public": {
          "type": "Buffer",
          "data": "MkkR2wbA7zEvIn0q7N62VGSTW7ms53C8IabZ719k3yY="
        }
      },
      "17": {
        "private": {
          "type": "Buffer",
          "data": "sOX1/U10VqoVdUNS385Mnns5E3dWTvH7csI5Vqvl+18="
        },
        "public": {
          "type": "Buffer",
          "data": "HtAQgQMGYaDR2bmJkEmQM5I4Mg5XFICOMfX3jA/3yUQ="
        }
      },
      "18": {
        "private": {
          "type": "Buffer",
          "data": "eG0MPj1dGrLKcTY/fr0cagItPjcIixLY+/o3TP3o0Us="
        },
        "public": {
          "type": "Buffer",
          "data": "JDX3d9XynWCCQTy9In83anF67geHeVjlC5ZLBXjfthc="
        }
      },
      "19": {
        "private": {
          "type": "Buffer",
          "data": "CND9I93P4qjIkMC/HItj5NqSit2GHZTK+hMY53iq0H4="
        },
        "public": {
          "type": "Buffer",
          "data": "ER2dc/zOFIB5ySdeXLkrxpJSVFjou+D0JTFgvGedEkI="
        }
      },
      "20": {
        "private": {
          "type": "Buffer",
          "data": "4MSsN2JS2+EDVSa5pCSf7Z/aahF9m7lm9zOTGpvzUG4="
        },
        "public": {
          "type": "Buffer",
          "data": "G809ZNhQZHixtr2S470PwuDOPVm7INq6w31iz0ooEV0="
        }
      },
      "21": {
        "private": {
          "type": "Buffer",
          "data": "OLxgeMcCg2XyxCu1vdoMG0gAYMaNjzzeLD/LBf0GKkY="
        },
        "public": {
          "type": "Buffer",
          "data": "H3wo1wXvr8NKTKFoq5rI9wBhFzjcP6aaO+35t9aA9m0="
        }
      },
      "22": {
        "private": {
          "type": "Buffer",
          "data": "cIX/3uCkBNWV8BzfimC5C49tnSgFZJoZTcjtY1eq71U="
        },
        "public": {
          "type": "Buffer",
          "data": "XzlP+LwFuC7JL4aCnlNa9Nj5/8Sr3jk5aGbDTyg+WGg="
        }
      },
      "23": {
        "private": {
          "type": "Buffer",
          "data": "QCsbsFOWpWxAVhRihgMzYM0JVX0bKUDJgGvehVgJJGI="
        },
        "public": {
          "type": "Buffer",
          "data": "v2ccDQgJ5rwMXE5/inetOroqOLC2yMrgZPooCe6c7WQ="
        }
      },
      "24": null,
      "25": {
        "private": {
          "type": "Buffer",
          "data": "GBN69iThhIuLSNtCxkKbGUpLReDJgxQ+ovjnMq0tbk8="
        },
        "public": {
          "type": "Buffer",
          "data": "nJdM4Zch34yqmdClhTYLimayD0rJYRdxUr1edL6c43c="
        }
      },
      "26": null,
      "27": {
        "private": {
          "type": "Buffer",
          "data": "eOZe27nf7LvM44EqnhRiz8rhrzlF8YJJ1n7BQfpeqGs="
        },
        "public": {
          "type": "Buffer",
          "data": "qIThIVsubq7Nd1zHvuZZ77QrSHV+kbAmSnZii49ZDiQ="
        }
      },
      "28": {
        "private": {
          "type": "Buffer",
          "data": "cJvITqeKI0N9IF7VUtKKEjYzLPJGQFWpZy8od/of3Uk="
        },
        "public": {
          "type": "Buffer",
          "data": "/Ao0/zbU/iXJVFUG3raq3LqOyN2gpUKIHJRTIvXzRBM="
        }
      },
      "29": {
        "private": {
          "type": "Buffer",
          "data": "0I03Y0V3j/DioVkgwlexXB3bX/S9vdyUAUaSkZwWdVE="
        },
        "public": {
          "type": "Buffer",
          "data": "c8JZvx3TY7Y3zZ0PUHPY2pOARNRvGXUxlqdnSP2973c="
        }
      },
      "30": null
    },
    "sessions": {
      "628979530736.0": {
        "_sessions": {
          "BVhjigz4srAHJoAg5hwMX2rqoS5bOVCzX/zNU02CsAh9": {
            "registrationId": 1480824,
            "currentRatchet": {
              "ephemeralKeyPair": {
                "pubKey": "BS0onQuWBiV5mHAg5qmTHw002CTAkDSFieB9PGGVN8pA",
                "privKey": "GJWXvkfooLCfo/8sYFwUgtbsgSBdE8K0AHkgllrRJ3o="
              },
              "lastRemoteEphemeralKey": "BaxVd0VNG466OBu2wiRL8DvsjNv5UODHsq+CrN3UDU0Z",
              "previousCounter": 0,
              "rootKey": "Hd7x0EPrPPdAL8Em0MLf1YOdyG5bsYNghgCQuIpLR2o="
            },
            "indexInfo": {
              "baseKey": "BVhjigz4srAHJoAg5hwMX2rqoS5bOVCzX/zNU02CsAh9",
              "baseKeyType": 2,
              "closed": -1,
              "used": 1660307081875,
              "created": 1660307081875,
              "remoteIdentityKey": "Bb3UMQ2RWjdt4J/HNUz00EqbUGATWBk0KZIQXwUhc0Mr"
            },
            "_chains": {
              "BaxVd0VNG466OBu2wiRL8DvsjNv5UODHsq+CrN3UDU0Z": {
                "chainKey": {
                  "counter": 4,
                  "key": "H89BdIMF6hbYHcXXkhQFzPK2DblTDOPUuEIDtf2pGIk="
                },
                "chainType": 2,
                "messageKeys": {}
              },
              "BS0onQuWBiV5mHAg5qmTHw002CTAkDSFieB9PGGVN8pA": {
                "chainKey": {
                  "counter": 1,
                  "key": "/jneQcwBrpwebQ/EtAVkUDbM4kZdP3oKfV5MOu/U85A="
                },
                "chainType": 1,
                "messageKeys": {}
              }
            }
          }
        },
        "version": "v1"
      },
      "6283174508962.0": {
        "_sessions": {
          "BeY6G9t5SYCR3hVRk7kVVj+LzW6YmIIbdGoKO+D8e1NT": {
            "registrationId": 256352400,
            "currentRatchet": {
              "ephemeralKeyPair": {
                "pubKey": "BfIO4eHT8G292esvkhPUuwIpJeM0ZopI0aDKyMAU1tkT",
                "privKey": "kGvj+bLnDiSI4U4eAUiRVPFdtIr4BcKglLlm/1DAKFk="
              },
              "lastRemoteEphemeralKey": "BRahTtSn+4fJ1wylLBIUFiMPO6dveF986u8vqtI4qJwd",
              "previousCounter": 0,
              "rootKey": "nR7X79SqlxJAlyMZ0JwqPgy7wvFDXc9d26H+CB9/rLw="
            },
            "indexInfo": {
              "baseKey": "BeY6G9t5SYCR3hVRk7kVVj+LzW6YmIIbdGoKO+D8e1NT",
              "baseKeyType": 2,
              "closed": -1,
              "used": 1660307164322,
              "created": 1660307164322,
              "remoteIdentityKey": "BbvCTlpMVP+a0ZkFuANxpoojtybfrR9ZDF+c5WtlFmBG"
            },
            "_chains": {
              "BRahTtSn+4fJ1wylLBIUFiMPO6dveF986u8vqtI4qJwd": {
                "chainKey": {
                  "counter": 1,
                  "key": "J+kiggfUb89XcguyS5H4J88ihJuGJmoprp/AHp+hPNQ="
                },
                "chainType": 2,
                "messageKeys": {}
              },
              "BfIO4eHT8G292esvkhPUuwIpJeM0ZopI0aDKyMAU1tkT": {
                "chainKey": {
                  "counter": 1,
                  "key": "ankP0/vXXQjM1a6j1Kn5Gxq6I/YRJ5uD2zJBDxdP4MA="
                },
                "chainType": 1,
                "messageKeys": {}
              }
            }
          }
        },
        "version": "v1"
      },
      "628979530736:22.0": {
        "_sessions": {
          "BdyJQ3v7LrDMgfrmDSiVypLOngNkf7/HLLv3z/uLP7AX": {
            "registrationId": 175,
            "currentRatchet": {
              "ephemeralKeyPair": {
                "pubKey": "Ba+ATSlMJhYqVWCn6BEjXmP/o9+iGx8XTIK5Q01Lg7E0",
                "privKey": "KC2LltAOjYywrP2DrsUSEadkffb61MG6Y4GXvURxAHU="
              },
              "lastRemoteEphemeralKey": "BRJ6C6u/YXr+Rj3F6Tg0o/Bereaz2+sacQwDrfVpCwgK",
              "previousCounter": 0,
              "rootKey": "TxsnXlBJ/B5WXg09ixpcyOAjti4fXJN/ihT0R6SvPMA="
            },
            "indexInfo": {
              "baseKey": "BdyJQ3v7LrDMgfrmDSiVypLOngNkf7/HLLv3z/uLP7AX",
              "baseKeyType": 1,
              "closed": -1,
              "used": 1660307165650,
              "created": 1660307165650,
              "remoteIdentityKey": "BWxtlLGEBiGqCj94+6CUc+vIMmJAyNJkcRDdisQSLtND"
            },
            "_chains": {
              "Ba+ATSlMJhYqVWCn6BEjXmP/o9+iGx8XTIK5Q01Lg7E0": {
                "chainKey": {
                  "counter": 1,
                  "key": "Ps0qkQtwF8SePWVCab7sBMouHXg4IAIDIv616NbD5HI="
                },
                "chainType": 1,
                "messageKeys": {}
              }
            },
            "pendingPreKey": {
              "signedKeyId": 1,
              "baseKey": "BdyJQ3v7LrDMgfrmDSiVypLOngNkf7/HLLv3z/uLP7AX"
            }
          }
        },
        "version": "v1"
      },
      "6283174508962:2.0": {
        "_sessions": {
          "BUcu3bJSFQOZwBx9NHaiOQbN7B+ehPhdqGsZBEXwXzQ9": {
            "registrationId": 126,
            "currentRatchet": {
              "ephemeralKeyPair": {
                "pubKey": "BTVuYP5F5iKB2StshxzeY6pNNUn/OPkB3HmWpx8gGv9W",
                "privKey": "sCwa27whrvdVaQ1Dns8Uno3zbki56UQgtNxeFXnJH3k="
              },
              "lastRemoteEphemeralKey": "Bff9tK+CIOX+lOSMxMtysh2SWH9qPjjyxlL5RHWPWx0S",
              "previousCounter": 0,
              "rootKey": "sKSliis7VbcODRW6F3RIFkAmsYnXiSdu6RqfbtSxwhU="
            },
            "indexInfo": {
              "baseKey": "BUcu3bJSFQOZwBx9NHaiOQbN7B+ehPhdqGsZBEXwXzQ9",
              "baseKeyType": 1,
              "closed": -1,
              "used": 1660307165712,
              "created": 1660307165712,
              "remoteIdentityKey": "BVmwo63HXlyMhbmqOO6phKxdwrkwmCFG2Fcr3Rjkwbll"
            },
            "_chains": {
              "BTVuYP5F5iKB2StshxzeY6pNNUn/OPkB3HmWpx8gGv9W": {
                "chainKey": {
                  "counter": 1,
                  "key": "zRpkYxGl6EK+N2rDQ0kSgX0h5OngsHr05hqJZ+Q4GUA="
                },
                "chainType": 1,
                "messageKeys": {}
              }
            },
            "pendingPreKey": {
              "signedKeyId": 1,
              "baseKey": "BUcu3bJSFQOZwBx9NHaiOQbN7B+ehPhdqGsZBEXwXzQ9"
            }
          }
        },
        "version": "v1"
      },
      "62895320084490.0": {
        "_sessions": {
          "BdEgSqpRJlcyoobAYJ+5RxksPpeKjhudWMREFWHVTidJ": {
            "registrationId": 150775472,
            "currentRatchet": {
              "ephemeralKeyPair": {
                "pubKey": "BRkh1RQjKIBliPopGvPVItFwOfrkLfzrCgYRQ8zJXxsO",
                "privKey": "MAkj9sNNR5IF1wKpu8HZZH5cK2Nxb7sQ9qipAq6U9kw="
              },
              "lastRemoteEphemeralKey": "BWdnWTXuPzKwe1pt9iiT3TG4rr/jdXrpIsNIhBgxV2Mz",
              "previousCounter": 0,
              "rootKey": "qRnY6nPHJQnYWTnbjpwpPuxb01jVeYNK4wDSGQlRnoU="
            },
            "indexInfo": {
              "baseKey": "BdEgSqpRJlcyoobAYJ+5RxksPpeKjhudWMREFWHVTidJ",
              "baseKeyType": 2,
              "closed": -1,
              "used": 1660307165923,
              "created": 1660307165923,
              "remoteIdentityKey": "BdDcu/G7v5Kstku0neETCjgpNKdQatHuoaKCWSSDKONN"
            },
            "_chains": {
              "BWdnWTXuPzKwe1pt9iiT3TG4rr/jdXrpIsNIhBgxV2Mz": {
                "chainKey": {
                  "counter": 0,
                  "key": "fQ1m5eL3FF/QaSNDcMDDcnvUVGfOVVCWdrThIc+xcMQ="
                },
                "chainType": 2,
                "messageKeys": {}
              },
              "BRkh1RQjKIBliPopGvPVItFwOfrkLfzrCgYRQ8zJXxsO": {
                "chainKey": {
                  "counter": -1,
                  "key": "nm2lHQZu5hqnhvwHKK4e1Xs7WSsV8SuBmM0G274mfoc="
                },
                "chainType": 1,
                "messageKeys": {}
              }
            }
          }
        },
        "version": "v1"
      },
      "6285870752650.0": {
        "_sessions": {
          "BQDCikmEB1e7+i5ZzHlgf74wgCdGWxl1dZt8vWUcIocU": {
            "registrationId": 1964193416,
            "currentRatchet": {
              "ephemeralKeyPair": {
                "pubKey": "BTPizLVxrblOre6Xggu3E5hg3XlfoVgib7x2yF62c/kI",
                "privKey": "SNnT3/kodRbDouVo5EIDkuAFNr7fWKBGJ7APBKXwhXY="
              },
              "lastRemoteEphemeralKey": "BUSWbAwiQ/XIjfhrbUuUCORdtSTFT+37G99Skbz184wv",
              "previousCounter": 0,
              "rootKey": "n1MGgwibvy9o6B/7/juB6uxBlh1CFQSrT2qaqKc4V5Q="
            },
            "indexInfo": {
              "baseKey": "BQDCikmEB1e7+i5ZzHlgf74wgCdGWxl1dZt8vWUcIocU",
              "baseKeyType": 2,
              "closed": -1,
              "used": 1660307188866,
              "created": 1660307188866,
              "remoteIdentityKey": "BRwmwoq2ztcrmCueGhYARU4/RbD7AL950dL3CCiODb18"
            },
            "_chains": {
              "BUSWbAwiQ/XIjfhrbUuUCORdtSTFT+37G99Skbz184wv": {
                "chainKey": {
                  "counter": 0,
                  "key": "lT8d+e0Vd0KgWTa6x6Z50ufFYmFs0sQoGkRFbkGKeZE="
                },
                "chainType": 2,
                "messageKeys": {}
              },
              "BTPizLVxrblOre6Xggu3E5hg3XlfoVgib7x2yF62c/kI": {
                "chainKey": {
                  "counter": -1,
                  "key": "IV8kaQVLmD1SeIeTqMC2ImXl0l02rWdMrz6DdXWVOxk="
                },
                "chainType": 1,
                "messageKeys": {}
              }
            }
          }
        },
        "version": "v1"
      },
      "6287764543059.0": {
        "_sessions": {
          "BWn+IdNN07G2WE+g0E+eOx5PYyu94n5sNo1V/jsvTBZ9": {
            "registrationId": 43158982,
            "currentRatchet": {
              "ephemeralKeyPair": {
                "pubKey": "BZd1uPBjTIVxLSpyK2MKLNi0b5DnDLMnfGlFf0DBDXQp",
                "privKey": "+K1K4JcKdNSYYxLveBcsxB1y7+6YPEZLVcksnUv7a34="
              },
              "lastRemoteEphemeralKey": "BXh3RRw7AB09EjXNVuEGlwR7s9SsywaIuCq4xVWHHqEp",
              "previousCounter": 0,
              "rootKey": "J+fU+kv/38lByNBtrIqkWi8SEWnHjDtwxL5Xz8J+45o="
            },
            "indexInfo": {
              "baseKey": "BWn+IdNN07G2WE+g0E+eOx5PYyu94n5sNo1V/jsvTBZ9",
              "baseKeyType": 2,
              "closed": -1,
              "used": 1660307262315,
              "created": 1660307262315,
              "remoteIdentityKey": "Ba7OnIExVD1k9W3XMLzdNSorv12Z/tDP3L3t/JsNCIU0"
            },
            "_chains": {
              "BXh3RRw7AB09EjXNVuEGlwR7s9SsywaIuCq4xVWHHqEp": {
                "chainKey": {
                  "counter": 0,
                  "key": "MmAU7Zk3p/crj5IGLP2fdY5dI1pe0MGnBTi1VhSQKXE="
                },
                "chainType": 2,
                "messageKeys": {}
              },
              "BZd1uPBjTIVxLSpyK2MKLNi0b5DnDLMnfGlFf0DBDXQp": {
                "chainKey": {
                  "counter": -1,
                  "key": "8uRJ45EBJHzgwUCs3fKtyWbl3lAbcLHnBfOBJKo1C6o="
                },
                "chainType": 1,
                "messageKeys": {}
              }
            }
          }
        },
        "version": "v1"
      }
    },
    "appStateSyncKeys": {
      "AAAAACz7": {
        "keyData": "9RJAE+sdO80lD0nqv0R7Jg6jOIJ/jkfLleAQ3rYGqSI=",
        "fingerprint": {
          "rawId": 107581805,
          "currentIndex": 1,
          "deviceIndexes": [
            0,
            1
          ]
        },
        "timestamp": "1659252848036"
      }
    },
    "appStateVersions": {
      "critical_block": {
        "version": 1,
        "hash": {
          "type": "Buffer",
          "data": "1PcvPo8UFb/zFkpN/aIMHq2zdRyl40RUu5K7Too+JvfNX+SZT0UWxj6SvS65YXOsqwpGpnsuwLWzPTvzvjZocSTlsMMbDYoox49k9xYWqIxuYXLwc1VyHFmRdtg9H2MCX+SkUQPKD1VuwOdZaTzZ1PIGrYrjEF0jKCaG0ZJNLYM="
        },
        "indexValueMap": {
          "D3sPxfq9TjPNR53xDGgTlouvTfyX4gTQiF3o5YxkKoY=": {
            "valueMac": {
              "type": "Buffer",
              "data": "VMMXCwOXg3TaUDnv+4kW0/VwM7rNApYEBXwNbvEcVl4="
            }
          },
          "YaZGxmlO8HBzYazNw1EhBUDsF1wbAXUjqJF0e+BUL9s=": {
            "valueMac": {
              "type": "Buffer",
              "data": "+4lalAj3bMjDrhL4eSADKsFBWbP0yYR6l61L3XM7BkY="
            }
          }
        }
      },
      "regular_low": {
        "version": 1,
        "hash": {
          "type": "Buffer",
          "data": "5XTELu8djUzPEFiFsSP6Up2I2u8i5jYG5DKArwJipBe16luNZO67XaMNZOuGjVAC1vNOaPP/A2bAMi1shGaZOAUJfkpy7i/9Yng3E6JJ8ust9IT+PeDuD6luj3v6q0pkWv8GU3aiQZ9Ux08KYAlqPiuUPO+Qsmcz+V4kTb30Ldc="
        },
        "indexValueMap": {
          "SBfZ6dXqBU+EW6WEZSvOL5gC4Gq6ffJhh+DSRPqVfPk=": {
            "valueMac": {
              "type": "Buffer",
              "data": "gor3jHhOgTO98m+v0zEmG1zfoajz7YMfx+v2cw4xeG0="
            }
          },
          "eciKHHqncCr/ucZTBPEGmcAA7a43ZwGhst/84yr4f9k=": {
            "valueMac": {
              "type": "Buffer",
              "data": "nehQnmrAi5DgLzCFLBStNmOt5frJyvyGSx0DXAmCfgQ="
            }
          },
          "wtfyVT7Er5BNtEM/LWTC40Ir+mYo8eu/sSF8UjRbGWs=": {
            "valueMac": {
              "type": "Buffer",
              "data": "mYl60zOtp0+J8061eX662WmgnlHVRbcX2KgCFMeHvgU="
            }
          },
          "x7CAHxtcscy2o0bnY8C4DU3U+P7fH+L6DDVqJ7KTCfs=": {
            "valueMac": {
              "type": "Buffer",
              "data": "A2WCzkq1Xu2htOC/p7fOKNHbXZJkf22VqmaHcT2XU8c="
            }
          },
          "x/ZENnrnzAWXDCmkp4e85+lOCnMd/N22t6PTi7ohesU=": {
            "valueMac": {
              "type": "Buffer",
              "data": "kNRkbXLrh1kxqwR9grMWEACF2RguZtlB/HDGzxUqwwM="
            }
          }
        }
      },
      "regular": {
        "version": 1,
        "hash": {
          "type": "Buffer",
          "data": "EeZUMiRACkDkDBqW4wNqWx6WfLw253Xe5UwvBl+sPzsisANjSJOZ6WVXR7NCJKkLGA67mswSCjNYPXPQXobt5gi9HDXNjkhBi5RT9XgEb1cuXl1px3xu8Ck7awh4hrgErcW+s/fhkIo2jhS1U6uPryEzV5+pZjT8i7n+vBxM5j4="
        },
        "indexValueMap": {
          "/qIbyRP4lbFcScEwZml1QH18KQw0lzhSXNdd0fSHLgc=": {
            "valueMac": {
              "type": "Buffer",
              "data": "Jf0eX9Sf9CTgtQ8R2Fe8jg+ikhCtxrrA3Jllpb4SQQA="
            }
          }
        }
      },
      "critical_unblock_low": {
        "version": 287,
        "hash": {
          "type": "Buffer",
          "data": "sO7+whXLAf4S3797fcStgkXrwDTmNMvkqIq8N9H1iqiwdDHwNjk59yfcYjSegYA3qUTPTMFMu4tmuKbOKbs7Tuh2R6d8x1qN2X1963UcbHjxmJL6gQUibYrd4qEZFgMF9hLNU6cr9BcIkw0+Y94+kEfoXF1A/08/q3VhNY9hwxU="
        },
        "indexValueMap": {
          "ACioFyuzfVErB0IAaE+ph6aJ7dwBhE4qsKTuSNEFIm0=": {
            "valueMac": {
              "type": "Buffer",
              "data": "/PDTmrrM9oS/B0mUCuj5+b9wAIHjLvpjUia6fMzpWqw="
            }
          },
          "ACjFsE/WJMljvISIKdy3uwYKhsZj2SYqKmUTjKwTi7I=": {
            "valueMac": {
              "type": "Buffer",
              "data": "ESO9SSIOvpEqRwfN5NDu1u9X1umCmGr20owDlSX4bXI="
            }
          },
          "ALTEFGxd0ktit4WV5Ob3UPn3ZoT/Tj6Tt2UOKAAelHk=": {
            "valueMac": {
              "type": "Buffer",
              "data": "OxzPhfwIfW6pxtmw3xKE9oeLxcppSn0TKobuS50I/g8="
            }
          },
          "ALik2xBVUgwPfrBNq8eqgbPKL/mDIi6aaoZHyL5R6jw=": {
            "valueMac": {
              "type": "Buffer",
              "data": "vCAfziyKHWYeBqojE44ia5qq/VVJdY5zaCs4Izh1Dxs="
            }
          },
          "ASJj8dl9ozq7k1MknlwZFx1bxWtHHBNjmCoiA+dk90I=": {
            "valueMac": {
              "type": "Buffer",
              "data": "4c5QZ25GOXarAI3sIL7Ww7bHj12updPqcs/WjNP9j6s="
            }
          },
          "A8KszjuXsEotcnmibvfR7uSJxLFw/4cMRYnll4jQWeo=": {
            "valueMac": {
              "type": "Buffer",
              "data": "+LYKnLncgil8Y/spLpiKlz0PGwTqqmzE2cHF9OQSQlE="
            }
          },
          "BNGj/CrYnwosyJj5oNs1dHWs+0WIFiMNqSbJLKi6UbM=": {
            "valueMac": {
              "type": "Buffer",
              "data": "/aoXrJiLhSdN+uwZbod9qmO5Zqi/P4XqxY1bbJhTGno="
            }
          },
          "BjTnzd8eZsn4hUjreZcTO1wcjGvDMR4bhpqhppu6WIY=": {
            "valueMac": {
              "type": "Buffer",
              "data": "AroAVkr8CvKz9k9ntIYPKs45fH87jAOgjZ3yR3L+5WM="
            }
          },
          "CA77KxfRsvSLfzVfXhJlXbtDcbS4gA8Nx2+Oav/31Qc=": {
            "valueMac": {
              "type": "Buffer",
              "data": "uMJMLr+0nmo2AwoTJgw33rlIUgH3Gmz+/1sGTHUyE2g="
            }
          },
          "CUNeVx8pDzCCtWarcdFk/osi8wVwElQlJz7udN0C7mg=": {
            "valueMac": {
              "type": "Buffer",
              "data": "CeuDzXFU0L07DLo1HJ/b6bQfWQqjqCk6BUfIUpinKMg="
            }
          },
          "CuEwwY4UwICGP0ZxwlyEU3FSEl/NU2HXVmzWIj7bE7w=": {
            "valueMac": {
              "type": "Buffer",
              "data": "yTs/D89M0g30S5Ry8KVm+HWus98GV2HL7sFAHAOmUKg="
            }
          },
          "Cx0pJklk72CNqRLo3EWZ5IYVPe1SmAiH/YzfCcSdo34=": {
            "valueMac": {
              "type": "Buffer",
              "data": "KVgRhFiB61WqbOmsF+ibO6UKixJJcLsThQBoC+aAB/c="
            }
          },
          "DG2heqP3GVq40zV1yeR8kclWrA1UAStiE3+oMTNV2nY=": {
            "valueMac": {
              "type": "Buffer",
              "data": "ArEWKLrSKoVU4LABMMoKZClvxiZe+jzhvgpMDuf20Ns="
            }
          },
          "DrcrF+FUAocVSNzAypyAIRNRJUEMfzDSe20eRnXvyMg=": {
            "valueMac": {
              "type": "Buffer",
              "data": "TjpOlEyJmjTrWDxLJiQpWvq8fLPfwI5RGG66tpeJSWo="
            }
          },
          "ETJx034fRo6xi5avRAY6oi3tcac/Ojiko7ZMlsaW7CA=": {
            "valueMac": {
              "type": "Buffer",
              "data": "Ob4xeELuteYLc+9iTNjxEN9cT2bLnKPzvNXRwom29Kk="
            }
          },
          "EUPT2K63RD0uVG4AvSgBLXIViJO9t0WKOj5oTKus/Nc=": {
            "valueMac": {
              "type": "Buffer",
              "data": "6NdGb5zxrGTtapKwqjrGKRx24QQ0hl3/FU+a1qG3eAM="
            }
          },
          "Ejjzl6NHUs5kD4uhCn12U8Ez/QP4VppkPoRKYjA6Dgs=": {
            "valueMac": {
              "type": "Buffer",
              "data": "iPEd0hD/Iy3Kv0eVRofWkDg/hny20Za5/1J4/HRYfFw="
            }
          },
          "ElCzLNWV4CjKbDRDn9j58xXw+voFHjSOu/yBJSdYx2w=": {
            "valueMac": {
              "type": "Buffer",
              "data": "rUCS1mjJYKgQdGwGw+X2zR3WTca0p3r+3W7d7Gd44hc="
            }
          },
          "GA0FX3BObrw0KWDrgMd451Nbws0fiaw6WBpbKfGyafQ=": {
            "valueMac": {
              "type": "Buffer",
              "data": "VONT+otpca5iLUJfpr9YtnKUJvF41/D4DkpsokKaVAM="
            }
          },
          "IXDsOqfkuFMO1jwzHOo6tn7P1zrRlOO9Hstb3QyHLB4=": {
            "valueMac": {
              "type": "Buffer",
              "data": "EgPkFAeqUqRcNLspt1UoYaSACtBy9YBM/trindhB4+8="
            }
          },
          "JA5/E1m2FMYTlt+cSg8GKHmIEbWQ08k3D0rmscuoszk=": {
            "valueMac": {
              "type": "Buffer",
              "data": "U26795eiMIa/UUnOxJLnQrtgnX/6/WmFpLfXpofno+w="
            }
          },
          "JKcF5AMTyU+Pb+5HUpkG7yGWEHW0HDUCbVr+0SD40eU=": {
            "valueMac": {
              "type": "Buffer",
              "data": "6Sdi8C8RorwCQpUZeEGcy2nf+yutDCV2XjW2RWlGL60="
            }
          },
          "JQOTw2j4s+S50d9iPiNUETf42aqBVmlUFrKPbeo+epI=": {
            "valueMac": {
              "type": "Buffer",
              "data": "g938Flvv3myu2y/mNwOCiWcxpRRfehRh2rFHqKfOnsg="
            }
          },
          "JSqje/EHi/CLDApxEeNDmIb/ZcmpQxpPH+TY6Zk3x7I=": {
            "valueMac": {
              "type": "Buffer",
              "data": "jexH+DcXYuORpddAyf/8RT0vGP3jA+O93da9wOYCYrw="
            }
          },
          "Kc/kC3ymr32stD2cW+qE13tHG2//SsKUGpD2o5Fe95I=": {
            "valueMac": {
              "type": "Buffer",
              "data": "eXn1QSkFCFsHtGwJw+KkY6hGR54LHPMZDXIhGozaL70="
            }
          },
          "KfY91MTFqZTlhR5ZpSWOMD/b8JhR+EHWNPnk0LKTlwI=": {
            "valueMac": {
              "type": "Buffer",
              "data": "spyRCuoIDFbet5Cdczg9Y8A/+ZGWcsUJUO5GnZ65xcc="
            }
          },
          "KtWsX5gc3S5COIONJncCwQWmSKoN+qGai5cd3e8Bo8o=": {
            "valueMac": {
              "type": "Buffer",
              "data": "jXUVPHDJ2TzKFpZ/vJcRm1/ZW68Bv4ygTVxqDnQu/Vs="
            }
          },
          "K2w6nHnwkm5sLpjYdtIxmnBsuUHhKjnhPMhCA1LSoG4=": {
            "valueMac": {
              "type": "Buffer",
              "data": "0mu/v1Fl/A3khCKfyxLHSoiGyo6W+BCX1lEMJV6+RXg="
            }
          },
          "K4Mwwrm0F3qr0l8CuJXbOFopDQvIsBvO/gGX386GO5g=": {
            "valueMac": {
              "type": "Buffer",
              "data": "qhnGYPpiEFXxlWLxnXFkK/PyBhwPvXKG7792Im0dvio="
            }
          },
          "LCnrlxFaumEYSCITaEKFoSvmbf7EHauLbzhLlBUasIo=": {
            "valueMac": {
              "type": "Buffer",
              "data": "dBJ5dEAUNb3QhahUCO1hhLZHnrDfHtJUZms0OlHRkko="
            }
          },
          "LRX65h2XalSHAqiZv62NNBY+Ls07Y6Z9VvLM1BanK7c=": {
            "valueMac": {
              "type": "Buffer",
              "data": "NicdJ5dh+3KHOaOcBLhQkX2jq8ZMOew4/whl7LQpauA="
            }
          },
          "LTIeAPJ+zyYpz5QgIuc9mZn+r6zC8oeKGevOq17W3l4=": {
            "valueMac": {
              "type": "Buffer",
              "data": "Rdb/tj1E8eytE7yvba8v7R1X7F9WJrsLPB4tdAWjIOg="
            }
          },
          "L6l5p40iJeqrcxcSDoXlUv4ADhiyKY05QZF1fWRIm0s=": {
            "valueMac": {
              "type": "Buffer",
              "data": "BvYk3+/Ri9zvVxOjZ7xp5teppsJm3eAMeBkN3VrL2aI="
            }
          },
          "MTZPcOy0dPllrvG9obrxon227gbEGaNYCCDto79Q2HA=": {
            "valueMac": {
              "type": "Buffer",
              "data": "NVnwKfNIp8zEFRoVeAQftV6iP4zjrzOrR0ikeU2rOz0="
            }
          },
          "NwZx7iR597q76ws5WOSmZXIGD3HzlYOGa9zEPIKiB54=": {
            "valueMac": {
              "type": "Buffer",
              "data": "Wo4ngaW2G3z2Rfqe3JT8/c/4+CexPCC4pyNIfbM76wk="
            }
          },
          "OE4XNQq9+VDczzY4l7XKsfdz0+qzqdbpr2ndNcfzrs4=": {
            "valueMac": {
              "type": "Buffer",
              "data": "rinmOBqG6ywO6ht3loVVznxFvPWALfKIGVEjm6pZhs4="
            }
          },
          "OuzyZvMONYTxuI1+ou3cOLDZ5y85VyorWlgzoTM5qxI=": {
            "valueMac": {
              "type": "Buffer",
              "data": "i+0O7bnt0rShy2X5M3cQV+6VC78++paFr6g+lyWnivI="
            }
          },
          "O3KMgc7FagSphMo+D2nTLLONLDP32vkh77hDp4Xx0KU=": {
            "valueMac": {
              "type": "Buffer",
              "data": "qZF/FGsCmk3f47FBVgCdnrId2Ul5UYJeQm0TxwrEARs="
            }
          },
          "PCcqtaDIVJpNLmHRLmkNpQwv5iLyDKETJpEaqfOMmfw=": {
            "valueMac": {
              "type": "Buffer",
              "data": "4JmXGV8I4V+d/1p8JbVO0NlwRSgC8ly8d8ei2gggjEQ="
            }
          },
          "PXI5x53xwKoqmCAgkarj0gkENA+o4jVVOvwADi/gMQk=": {
            "valueMac": {
              "type": "Buffer",
              "data": "zl+J2wnIeRy6adWZ1MmiGVn8VfTEB65WoJ/8XT0J4Jk="
            }
          },
          "P6ZaAWtbCcgXPYgo4zLqVzHHPl1UMEjZAVg2SnXsL+U=": {
            "valueMac": {
              "type": "Buffer",
              "data": "2BhxeU/b1RX3KZBAyF8NnNbEVyZDDKZiVeuW68jYuAU="
            }
          },
          "P7wogInk+AKDE5tc9zC2p7RcRt77dKQ6SAogySrVKnA=": {
            "valueMac": {
              "type": "Buffer",
              "data": "9JkGbYodjnHLchom4rmHIsJ2jCAxpJsY3p1W3pwgFVw="
            }
          },
          "QE+Ob3jmd6G7hpymqBe1jfD2KLHe9u6GNKu1V3LRh10=": {
            "valueMac": {
              "type": "Buffer",
              "data": "1XgmcoEulWvbXClPrkrnFQ6IOWuqhdByF550K8bph/E="
            }
          },
          "QRrAiIIf00RLxerwwLqu8B9LM5RZ8MAr6y8Fi/5pitA=": {
            "valueMac": {
              "type": "Buffer",
              "data": "WKcl9rCL8eOY0iBlq2ho42sXI3XNCVTSb3LxK3kgrqA="
            }
          },
          "Qxn0qQKQnTylpV24G82hYBG43A4yH6WkI9M31+VLejY=": {
            "valueMac": {
              "type": "Buffer",
              "data": "/p29pWvIx6Ne5mePpduYSzkEi5St+aUTZ8ISv3txl0Q="
            }
          },
          "Q0eE+n2jGRdDmUCnRpwOhXhlZhFMYt6amyvO4u6Gv20=": {
            "valueMac": {
              "type": "Buffer",
              "data": "zGpY9aDxZ1GXVsb9zNtt3kJflvarEBOPyF9+3H0J630="
            }
          },
          "Q31rVJb1lFdIHmHv12mYSgnYSjesgxyjC12Mi5qXadY=": {
            "valueMac": {
              "type": "Buffer",
              "data": "10+iGazycI9Dtm12B4gBPDSj/bl2YzUqwpEZER+vaSg="
            }
          },
          "Q7N7vjq3gl/DJEkKci+hsWF9ulW1408475RLh0sK3DE=": {
            "valueMac": {
              "type": "Buffer",
              "data": "eprotVyWwwDwg62DZR5gRJuuT+TPg8o/COmNeIKTntk="
            }
          },
          "Q+hskPO/f03O3c3mhoxMWCeBi8xfgyqPIi+W/AwItu4=": {
            "valueMac": {
              "type": "Buffer",
              "data": "qqBNDl3m/XqnEnbeV91daQUbbH7rfbRAJiPGhcZkPMY="
            }
          },
          "Q+7mzKKqJ0rXrszB+dicJEmCOYJCEQVyWNizvpbks8w=": {
            "valueMac": {
              "type": "Buffer",
              "data": "uDSOj2ICeA6norSctcMe7cyn7Fr1tgKwBhErUDq5SWA="
            }
          },
          "RVR/ZdY3QwcEYpAVUBU8sGzTnDG+IolOXkcV5JyLNg0=": {
            "valueMac": {
              "type": "Buffer",
              "data": "BAfHjsGE8wXx9xhrc5e2HW+WRy61mEm6tJXIhJrFhZ4="
            }
          },
          "SjaGrX3Qx+vO22nsOMoCoAKPcRzOIF1TJFj+OIMMfu0=": {
            "valueMac": {
              "type": "Buffer",
              "data": "te8cQ1Pa4JH2VsL+PCnM6KXsFo9Ln950tf02QVBvbZU="
            }
          },
          "S4U0PXfs9gPErUt5AZ7/z8lDRtTLRux0/HCuawNWRrk=": {
            "valueMac": {
              "type": "Buffer",
              "data": "5f+TO4J7jxkZGWlvcLkRGpzTCd+Ad20d2B90cZ/p7gA="
            }
          },
          "UUVf1D+8ihoA/p3xJFatHiLU/5AFFvaC0PGGKbenM/c=": {
            "valueMac": {
              "type": "Buffer",
              "data": "lS8d8KIqmoWXj4iRROqE2IGFxKIgA1tXpwrqhy8fWk0="
            }
          },
          "Ug6RDyV64T08G6wxeJBMmIeNYkoY6snNVjsFUOY4VHA=": {
            "valueMac": {
              "type": "Buffer",
              "data": "5vPoLQhGCi/0QGlEGOTzF+EQHIVvY0XPfQOXHvzlfaE="
            }
          },
          "VJMRaKkJK4mFRS7C4TisK51SgcHWVzb+rumVf+cIS4g=": {
            "valueMac": {
              "type": "Buffer",
              "data": "i2OVYad1wtTTi34MwLcsDYKWfcFyin0aE6d90QQVb6M="
            }
          },
          "VVerOevgqw8OoV/YQ2uDvmGoEFR+EQQSs4uuWO1JWT8=": {
            "valueMac": {
              "type": "Buffer",
              "data": "XRD3jfoU6lFxKdA8qv9KkyF7X5vpDxqq2dIltHhpwwY="
            }
          },
          "VkqELWWd/57xuOHK//Z2wLT+otHkT7KlouVhc6fL9Mc=": {
            "valueMac": {
              "type": "Buffer",
              "data": "p8i5/i9Ig7Y1FzBjosy3nWoaRBg9dryndPWpQv3qqfg="
            }
          },
          "WLh/t26b5P+MGhk0OKHJYyaN2KkLa9ZaOxvtPHqv5Ls=": {
            "valueMac": {
              "type": "Buffer",
              "data": "e3UMAg0z6w2lfkU5hobpl6hWq6QhK7Tor71ga5se9/Q="
            }
          },
          "WmSz5JokqX5E6fsmdrnOmYmowrorVbb/hsuELUkbwk4=": {
            "valueMac": {
              "type": "Buffer",
              "data": "Jx2m/Z3ldu39cSLEe6MSuGudDNemTPG9mfGyYAzrGzk="
            }
          },
          "W3ar0sM7PK1xtTslzbFxAcPa5eDKX7xQH1+I63Yog3E=": {
            "valueMac": {
              "type": "Buffer",
              "data": "xy1it3/B62XD/3o//NilAAUFtKh89r8G85lMrfw5GaU="
            }
          },
          "XLSlVtRkJwhmav0Uv6duAi7/J6KuDKiee/yLK7+Yru0=": {
            "valueMac": {
              "type": "Buffer",
              "data": "5r8UTp9yxKGYwWMm5zf/3ZcmXd2XPKd7XeOrYJs4eTg="
            }
          },
          "YO0ACUiUtTXKlkjLPRnUxddPtzHkXqBcnT1SD7UludQ=": {
            "valueMac": {
              "type": "Buffer",
              "data": "VbV0NbPThu3RW780NeVyZXnv1R7icT9YS++j8mQbrXk="
            }
          },
          "YzRxKt0XBVisxqB9IjAHXKGttHxQylaCvFlVuyRoIfs=": {
            "valueMac": {
              "type": "Buffer",
              "data": "qoa9oUFyksgzO/lAeo7BW/LSpJlUHGtKTLX1AJjczjA="
            }
          },
          "ZATuKTd3qK5cP3zfTKFFUrUDREKwJm6xREwUX0jiGPE=": {
            "valueMac": {
              "type": "Buffer",
              "data": "qbE1w1XxXkn8SV2kSc8nViKq85xWvU+J76MmJXKBlsI="
            }
          },
          "ZOolS6ala30cRP5/PFfRvPC7GsIUceANR4hs+ldOvyM=": {
            "valueMac": {
              "type": "Buffer",
              "data": "90GS69k4PRnkXd8O5T7YU+ild9+vfGj7gfeAOzoY1CA="
            }
          },
          "ZbFA19UUG3m6lZy/V3kShXYB6v80ZRQr+QLgqYBdMbc=": {
            "valueMac": {
              "type": "Buffer",
              "data": "FQcCPwFXidpXVpTpSR2fMbYokXbZ0WU3ZxZd9xYqzg0="
            }
          },
          "aZHDWd7aN0anbm4H6yqTBTI4pSVTJ0tjhxQTCNpNyUk=": {
            "valueMac": {
              "type": "Buffer",
              "data": "OSpfqY+AqmFI2q6RVYhg+gWkDGgMH0oAJTG5rHUqEAY="
            }
          },
          "agyDkWILZrpSAorj+HpS46joiUkx76HoXQDxt/ixJiM=": {
            "valueMac": {
              "type": "Buffer",
              "data": "oNnO43jPDa1gO0a4O7PK/WUXW3huQVGBsncnuCDMbrQ="
            }
          },
          "a9l6xDarENT0Tqbw+yvrOvjNhScL9FN9QbXJrSpK3iw=": {
            "valueMac": {
              "type": "Buffer",
              "data": "oVV66ymHyQA+JOfig2ug3c+sdIpIbsVrLNE6HJLS8BM="
            }
          },
          "cALJfs3/r0isMviEBnvpI4jPsQ7sCHi5vmfh2mkXv/8=": {
            "valueMac": {
              "type": "Buffer",
              "data": "rGrnyRZPXMyZGxySMQUbh6nca9WG104UdIXDaU4FUaI="
            }
          },
          "cnK0fEH/BRwX/nrMOn+KtswNzfyUyvBlsobDg+fnRRI=": {
            "valueMac": {
              "type": "Buffer",
              "data": "pYhl2NXe518aRVraSzmfsWC3eMyoB2UufASKJwvfoLU="
            }
          },
          "cnNO5cymgwYH2xuNd30h+a7Fwgpf56A3ZmkOmtOOj6E=": {
            "valueMac": {
              "type": "Buffer",
              "data": "gN0gCIQscB2yw3w3huVO2Rgh/e8LXkXdvkKld+vbsKE="
            }
          },
          "coVMhONaQzS/EFC0SNXMP5EYV9p4YnSc7V+EjZYcc8c=": {
            "valueMac": {
              "type": "Buffer",
              "data": "Ln0jkwojSHDvtRjySABdo4Q04YoNmXfmzUssQASKrhU="
            }
          },
          "dTEFpHbxoLol88pnupFmkYxMAWFHiAus0xT+MGpOOCo=": {
            "valueMac": {
              "type": "Buffer",
              "data": "W+RWYF+0A0JOiwxqdraH2Fir+NCU6GOFeGNvnRu9Qe0="
            }
          },
          "d+HXTIce7KshJg4kFg1BA2244G3EYQPoSn8tfyAsmis=": {
            "valueMac": {
              "type": "Buffer",
              "data": "TB/3DNhUIeOQ7HLbf4hJZX2eTjvvfh30e2g8kfqGxQE="
            }
          },
          "ea781w+cOLrrs5fYyVEtiUMEwXs5sQ3xYG9SQxoc9JI=": {
            "valueMac": {
              "type": "Buffer",
              "data": "WSbko++vhLSJVFFEIaElI9zGRmd9Gv1FmnB+QyFZ6zQ="
            }
          },
          "ecn1vNaTSsCOsu7sUE0fkEYUyl6z4Nezr/R8GsKT1mw=": {
            "valueMac": {
              "type": "Buffer",
              "data": "Hw6wLx2A5fLhjI0+2G2k8N6qr0yotSoIqT4rwZdKb54="
            }
          },
          "fYguxWZu1QmhJ9pW//4Bt7GNhaxXEadN+cFcsnE0CDM=": {
            "valueMac": {
              "type": "Buffer",
              "data": "xqG4ntFZucg5z4GRICymzWjfbD8zglr8vFtC9Ztg5tY="
            }
          },
          "f436SaCMvdcUAm3wp0IRU74C1ibxgOMrIjWiM0/8tSg=": {
            "valueMac": {
              "type": "Buffer",
              "data": "ho53uct/obEHn8GusXVdTEWD4h3OmpApJ4wJWxQwk5E="
            }
          },
          "f/qRkLvU3RtGSPFJfCATKGt0YDgJAXsr5Q4r8ka/tSo=": {
            "valueMac": {
              "type": "Buffer",
              "data": "tPaBJWauFb/64G6VqHiJh+l2YNVbxjzKddfcyHpqt5w="
            }
          },
          "goB3jCoKeAIynvmIqkgCqRzAVW9K6Skv5MUDjq1oXFU=": {
            "valueMac": {
              "type": "Buffer",
              "data": "rkhQ9oChY1nU8SxkDL697oiq+8Ohl3BB5PMxpz8G0F0="
            }
          },
          "goS/02SkcRoZRpJl3YjFL9HcIsIzZFhvc/gelnunFsg=": {
            "valueMac": {
              "type": "Buffer",
              "data": "tyAjCsbxCX0RqWq0RbtFjXdbcntBWsxH21xxsanhv/A="
            }
          },
          "hfwGOVlbhN8bBb3PsXqGThwxLUkj2S9oV6hjbg9afGo=": {
            "valueMac": {
              "type": "Buffer",
              "data": "QeX4BH1tZnhCrYbCaJFxF7WIv8yCBEgACr/11IMFmkQ="
            }
          },
          "h7FNKhQVyAjQCskxd8OXbwOMfcVf2VEHc1Bo2r+VJCk=": {
            "valueMac": {
              "type": "Buffer",
              "data": "X7vEcWXtv/8OhHnKkZyQbSAJ/O+W+iKZAv80/GjKkwA="
            }
          },
          "iL9V3aC8A91HtlhYBTcVedtctbR3AWq9zmCXw3tYrmY=": {
            "valueMac": {
              "type": "Buffer",
              "data": "kIpv3IMIuTYvsXobSgNdpa0PlHXlpBPBL0L7BfHm+Ow="
            }
          },
          "iPNkuUiapb0oqYhN8nxi8W7tQbqi8J8Mr6tsh8W3+z0=": {
            "valueMac": {
              "type": "Buffer",
              "data": "AoQEHtm1wRpjW2W6D1xtiCmmPVEDuorZnt0xo4izwNo="
            }
          },
          "jT5esqWZfl4p0p1ENBQzcSseZnNI7P3p3G4631gVHMQ=": {
            "valueMac": {
              "type": "Buffer",
              "data": "V/tpUa/CVHswPzO5KLzkXL2KIv/qKoyo0sEsRgunyAE="
            }
          },
          "jeYI5fjovLmKKAuzPNmV4TEHYPIojtUUyswyZ9jBW2o=": {
            "valueMac": {
              "type": "Buffer",
              "data": "5xse9730WsswpE7W+NjAPfIDwMr3YAhYyqLesUMKIlY="
            }
          },
          "jfNkNXitEnfjFTXjLkUMfpwp717A7nV+SK6+9KCF8Kc=": {
            "valueMac": {
              "type": "Buffer",
              "data": "rbAoRi0krSJ6TFWzhsinuaFvnC3SJPLPuk8QjXLoq+k="
            }
          },
          "j1iGiPXHPxHsrtdyxfq4QcfwSh3BL6haXADhNjBVv/c=": {
            "valueMac": {
              "type": "Buffer",
              "data": "F/Dhc5PPbmJd9g3JFuKHj5w4bu/9ULPCEIWn8ohwKUA="
            }
          },
          "j9CHOiTlszlSmMAUI8aVqxpJxEiAOOSJuhSMAT9Uuao=": {
            "valueMac": {
              "type": "Buffer",
              "data": "MTmfH+A9oMdMB00DYan9xUVTaJtN3gYgJa2XjJ5aL5M="
            }
          },
          "kFIJJWQAq4rnyAIg8pOvWTUXbfI56Acg2kkRaO1lZ/s=": {
            "valueMac": {
              "type": "Buffer",
              "data": "YNlaoQfGPlQ72SsMTpNyD4HdQ4jJWBJl6FDTvbdPlRM="
            }
          },
          "kcHFV4dZ3Pdx1aKaM/N1rXInVf89C1nlLgmkjIQV9GU=": {
            "valueMac": {
              "type": "Buffer",
              "data": "cvEuRInGIaZLOofCun6iNcu+5l/mBTA7+k2TSRFvVJU="
            }
          },
          "lDI4L+sucfqjZWFkScEp+kYCwv9sts2xKGdBFH/1v9E=": {
            "valueMac": {
              "type": "Buffer",
              "data": "b2LaIwDcHrCC+7bRiFO0plPUuO0ns4CRrxl4xmMDpfg="
            }
          },
          "lXO94H7bNQ5yt/kFAx36JPDEuS1KC/sR246PDgHcrsI=": {
            "valueMac": {
              "type": "Buffer",
              "data": "evYpj0keAB16f2uxGdLGVPBMd+B6XiEZGWQ8yHhyriw="
            }
          },
          "lrCk7GxDdpS6vzcJilae9lFyW76gQDtrN7GDIjpamqU=": {
            "valueMac": {
              "type": "Buffer",
              "data": "8ZTPlgpG8Kc6u5ADYSPl0j2Eedpti0Io56e9WKZ1cBA="
            }
          },
          "mgJAL9Ff3/mRiPe+uJACpJkMWcBYtKAOYVBMPVJcFN8=": {
            "valueMac": {
              "type": "Buffer",
              "data": "xHGk2iP3T3/CAuinmFOrn7TaAUW2LqITlDshphu9VFk="
            }
          },
          "nJ9ZQJPlOqvgvB3bRN7rBI6PvaQ9t5AA4x2HmofQbOg=": {
            "valueMac": {
              "type": "Buffer",
              "data": "E0y1l8Y1IdSVrU+nBxnRoRGLmj5QFJz3KNoyGnGKfXA="
            }
          },
          "ndHiENpGx3z5hGlOfzFpEVx56oT8J4HiZXwVqwllXhA=": {
            "valueMac": {
              "type": "Buffer",
              "data": "sknArrIQIvP81P3PUf8hnBAhdmKv8fNzCp1H0BNra3w="
            }
          },
          "ngbTYPdfeCZJkCQZfYd4mr2e+1eSiAeS1bnuEhOPFo4=": {
            "valueMac": {
              "type": "Buffer",
              "data": "WKGb6Q1db5yPhYqe00RQvXlpBQ2tR36pWRIiVnzgBqg="
            }
          },
          "okdsFJflZAf8Gfjxi7tXGnoGbccWrmTe/48OfJ5PTV4=": {
            "valueMac": {
              "type": "Buffer",
              "data": "YqlvSXA6RC9va2YK5OLWA3SPIwYyjdaYWbU7oKhbIqc="
            }
          },
          "pxfJk8WGJ7ucK6SJMAx5kgbqNaBJjUSQTNYJqhuoQxs=": {
            "valueMac": {
              "type": "Buffer",
              "data": "joD5lt4gC0ogY7lbOX30i1BnCkvCQYkV0WrTEiLox4I="
            }
          },
          "qoHwznsVDLGBGwzNBqlHAXJiIyfjv9mlwwkH64ucJKc=": {
            "valueMac": {
              "type": "Buffer",
              "data": "JVRpPo3YOYELDNTvHef/LyxsCxUWj2OMh4rz36tMTjA="
            }
          },
          "quUfrujghck6Zr41gBf2lrkIZ7vu/aKU+1814EOEMBM=": {
            "valueMac": {
              "type": "Buffer",
              "data": "yBqX4Pyf3kXFcWRZVDS6LQ28u0wS+AxRxXae2G17jIY="
            }
          },
          "qzwzhQs8281yBgDNSwXxNf1lQSM4Oug1QhE7iI1ctXQ=": {
            "valueMac": {
              "type": "Buffer",
              "data": "uSQnaw3bmkZrnBLLmQ7RVpSwVFhccXI1wx0IGwrEsxw="
            }
          },
          "q7svchutu3oyUba4sYcr9k6AH/xO0xtripfEBN/Jr6M=": {
            "valueMac": {
              "type": "Buffer",
              "data": "BKqDS/ZZEs4YvMOfo7fk1KYrz45HE+8gpvZ0UQ3X/zQ="
            }
          },
          "rYIR1Uwh+tidg3nh0IMu51Qiui3bwVeB66wEumSQ/uI=": {
            "valueMac": {
              "type": "Buffer",
              "data": "YNiTP1vdgzq83Q4MLxPH2LGTFJ7EQaf243Amhz/INN0="
            }
          },
          "rdM/pomDyvn6yD0OlqjcnK6pAXgtE9ZbldmZkT07jdg=": {
            "valueMac": {
              "type": "Buffer",
              "data": "f9+PsRfnMrSjbwr/EvLgDMN8rznTvuyaTz6oFmb7GnQ="
            }
          },
          "sEMMv4W/aXzTazwwG8jkN82zR9o+6Q18ASoKijk/RHg=": {
            "valueMac": {
              "type": "Buffer",
              "data": "TAVQ1FtZIRX2eUhn+Z5akwQ2orituNoaMPuKqutIPco="
            }
          },
          "sO6GIMi8pWcdIbWU1xuhyaDu8Jt/hpxZj0ihlLqDRE4=": {
            "valueMac": {
              "type": "Buffer",
              "data": "in7udVXhEB5yF+j3w2pFKvcx1EaRnuH9e925rKX5ZvE="
            }
          },
          "sRV1lN+xJHTXyAgNEbSJoShX//dMg5QeKbjv+voQTaM=": {
            "valueMac": {
              "type": "Buffer",
              "data": "oKKAglK906Fle7FUcDFf/h3V+w0tfpVbeq9hhhtHwWM="
            }
          },
          "syExeGG88LL+P/ml48s/xlaiAATa+K6CCy/pxS1aR8s=": {
            "valueMac": {
              "type": "Buffer",
              "data": "pVBWHsLwyS79Ja0qR1D577tAJ0CHxA7jaWR3CwQ7oDc="
            }
          },
          "s5JW/snGPf+NAfygCwnoQ5qoatG6f+lqxz4PnhAqWyM=": {
            "valueMac": {
              "type": "Buffer",
              "data": "Vv3aCwblJhj9i7wEyZPY+TOD/O3Es/CkCzK/H8ELm38="
            }
          },
          "tACgSHMQmDar70as+7W9RGKbsYnCqA5w0QNylJTrgXI=": {
            "valueMac": {
              "type": "Buffer",
              "data": "tZdt9thirT+Ks6gzCm1hdAYa960k5v8lwPuG6HBbDuU="
            }
          },
          "tK1WgjKG0M8XLlEvug8fBtbC9jovq8YWDDcZ6FWufI4=": {
            "valueMac": {
              "type": "Buffer",
              "data": "lSSAVEcHh0T8GQSLdPXvTDy41cyD+5qWneuG7hWJpuI="
            }
          },
          "tpB5VCo2ZbleNw2T3GnklpwU7OHc97RTdDQ8oi8Oalw=": {
            "valueMac": {
              "type": "Buffer",
              "data": "TKBB/FAWEwSIll67ZuZCN7/oyEuqrIXJ22q0K70lKi0="
            }
          },
          "tqUE2edc4bgVwEgOxD7DXE0K6ZrmFzK9BkfEmSnLKEE=": {
            "valueMac": {
              "type": "Buffer",
              "data": "HTklm3ZnT/bLoshdAgzQQMlACHFjWrBcVMpLFOuH5Kg="
            }
          },
          "uExvdt2yGZfL0ANMMijB7IAVD903GfW/tOk9n9EQmr4=": {
            "valueMac": {
              "type": "Buffer",
              "data": "nTAVC67nzl04YkT0VUgsQecXk6Oy3Wq4SbvlDui4iBc="
            }
          },
          "uMu7TYX/1Zzu/1qaxrwLAyiF3oqLLN5XIPVJBNo98kI=": {
            "valueMac": {
              "type": "Buffer",
              "data": "W8AwCTOXal+sJOeja7x+G63A/3D9Hzq6c94bYXq66cY="
            }
          },
          "uZ8ody6utT/lJrunLxSYO3nE373NQrI5KjqHtG6f2sw=": {
            "valueMac": {
              "type": "Buffer",
              "data": "c7w5y1BnWgc4fVgSYrAj/iHcUbWEMMK5niR6foi3s/8="
            }
          },
          "uapEGm5/MEC9Q4ZPaP2V52GU6n3XqlXparCOicYalnQ=": {
            "valueMac": {
              "type": "Buffer",
              "data": "wOrQEwpywoNKp4jex4dTZkMWze7BD91S8QFxfqTbWjc="
            }
          },
          "vJlffos5LuLhjKx72MYudyXB5Sus8AMEtDxjBV94AeE=": {
            "valueMac": {
              "type": "Buffer",
              "data": "wU+PrxW/b1f5EgTbQQ5+xmSkfA6IHSsdWD2BxX43ZYU="
            }
          },
          "vinpULqRIv3/CtCv2iu8Ik1Jsgw/+WnoRGDr2XH24QY=": {
            "valueMac": {
              "type": "Buffer",
              "data": "LT20H6SfaJGrn1NpNbaIqm2U1ir+cwdNNP3WzWJWz/8="
            }
          },
          "wLF7Tsht7WNfBJjxc1KHVL7f//xDnfJdBbRbcytZX80=": {
            "valueMac": {
              "type": "Buffer",
              "data": "9QbDSJuQlIhV0vUgj/1D2FLlk4pWOmqS3BwsJW4cXO8="
            }
          },
          "wYR0+Kd1A0qZ214uHosu9m3PTJ1eKhpkAPklsJOu0tA=": {
            "valueMac": {
              "type": "Buffer",
              "data": "opoJq8539umWExA6H0S/FgGBEjoCyymT1UIiH/HEAi8="
            }
          },
          "wc52u1wCT6de8F7CRRyKTMaWfmPRHoWibU1NMrh4d0s=": {
            "valueMac": {
              "type": "Buffer",
              "data": "JtoHIL5ydV4FM7Ueu6DMKCb1cSJXj/JOuvXvh3OS8mY="
            }
          },
          "wmnOc2eCphhLLaoqwpCirc3rZHZ5gmtPvzgA/itfjkE=": {
            "valueMac": {
              "type": "Buffer",
              "data": "V0beoc9zaLm4fff0Cp6sOfY9OUKT3k9vOp5a7kWzr3s="
            }
          },
          "xgYiWxF7BvD9+wriidGfuGfD5p2UWYpBUUJoKgbi4jo=": {
            "valueMac": {
              "type": "Buffer",
              "data": "/WU87LDyE69lvESisry1NueTew65jwM6S4NjxvLIyTg="
            }
          },
          "xyXAJAxtTr3SlTC6epY8ACmFRVI1Eq15m9RX2d4WYpM=": {
            "valueMac": {
              "type": "Buffer",
              "data": "yZHGzh/3GxJCQDpvu5odT/dhcMydcHvaqkzYreg/1Wo="
            }
          },
          "yLn4lg5YKMyhekpZpOcHcB5VcmJEdUAQrMD96/X3kp4=": {
            "valueMac": {
              "type": "Buffer",
              "data": "sd2t/F1UqEqcPZnuwqgfPYANR9ICjkCBm4mGrN65AlE="
            }
          },
          "yi+ZLBWB8GakMEMrA67+O/wCGYFdCdSFfo7jUTKPjeQ=": {
            "valueMac": {
              "type": "Buffer",
              "data": "jwIb3VTcjyI2Ij+OgfoFhw0cdevl7wsTxG4nIuZSBpI="
            }
          },
          "yoF3mHXJO7zaKWi+t3Lh6qH/Oc0JWsMVwGjW/HEII18=": {
            "valueMac": {
              "type": "Buffer",
              "data": "FnuRdk46WPgsHcZXi9C4NHbqCfkR6/QnJo0TXkj6vn4="
            }
          },
          "ysKAf/fDpj3C4IhZ7pSpXnZy7zzu7emMTMaEWzg0Kv4=": {
            "valueMac": {
              "type": "Buffer",
              "data": "pfw+vqqAMVGyYQjbmlwL6a+XQZCHkiD7T5fORcH8hhA="
            }
          },
          "zUI0/9j8AVtk2H/yewOF/qn5IKv1ugVYidawtNf2zAI=": {
            "valueMac": {
              "type": "Buffer",
              "data": "ucClsAL9k2gIJVjngzKcGtNk9Wu2nc8svOj345TtBGc="
            }
          },
          "z1GByw6f9fdRdEARs+As54OOTDNO0D1oDPhA+5IHlf8=": {
            "valueMac": {
              "type": "Buffer",
              "data": "VY61YpXkyFQxRWUkk1Gz3Zfh13g0UlkdjeWLpC3ZfpM="
            }
          },
          "z7RzztaSwRUL8y0VAwipTGpSe4maWVaQg7QQ5jU+RLg=": {
            "valueMac": {
              "type": "Buffer",
              "data": "qc6Rg4WSP4Go5+aqqvnOSgnM/XyWT0eHznnZdx31kMA="
            }
          },
          "0KaJYVocjETHH6JEe34JbeNdHUEzXE70HF08HUaOHvU=": {
            "valueMac": {
              "type": "Buffer",
              "data": "X0ndwswbZTlyr1eV/Um86Vd8GHsNiSNdh0NO3uTCf9g="
            }
          },
          "1APvzbas+aLB67bSCqqGCcvmdnZjdrLORzMN4DSIM50=": {
            "valueMac": {
              "type": "Buffer",
              "data": "ijrBImGhJNDO7XXzcHQ45lTlGHrOquuQ4qUAS/jO868="
            }
          },
          "1ET+DWKYhOJss89x+EUy4hD//onJRb5Z83niJelNI1U=": {
            "valueMac": {
              "type": "Buffer",
              "data": "x/d/imzjXOQArtzsC2MyX+wDBhTXLp3TSs3VO9Oyavw="
            }
          },
          "19izh26zh2Ut5az4dhoWDCjvv0WEqc2Y9CIwmT+b8V4=": {
            "valueMac": {
              "type": "Buffer",
              "data": "WpodWF4JMFwy3WGHyzzcnDtGr7Am4QHfxf4PiqmE/v8="
            }
          },
          "2aYt+aQEJdbDBl4ruE2cCgNJh2L3xxUSmnXAGPmOyRg=": {
            "valueMac": {
              "type": "Buffer",
              "data": "Ehf11n/JVR/55VdcWlPto2hZ9zIMAYQaog/seEknofY="
            }
          },
          "3NY1rWIzxjbYJFu9P66dIXx4/D8GdFMizekTpoVYFIE=": {
            "valueMac": {
              "type": "Buffer",
              "data": "fQ7mAQK69M6x9fHkQo02p5Z+hn8vz7p8UO9oCsun3oo="
            }
          },
          "3UtI9kJaST6XpzuYc5DMeA9nvhNoLlFP4DiegEEgUiA=": {
            "valueMac": {
              "type": "Buffer",
              "data": "eFvK3PiQjPl2STucTzn2G7oTqEo/91C5/Zn9MB0d6vg="
            }
          },
          "3XHak4tf8HK/uxo6/+qFZDj0gbkXABzQQKqXoYAlz20=": {
            "valueMac": {
              "type": "Buffer",
              "data": "NuPIQme8UA33eu3aBhaKdujZO/XbBIwmLEVIvJ8x5pM="
            }
          },
          "32EtBLUGsNEpAiTCBC/rTC1qKBnSqS5m1vNx+w0bkYo=": {
            "valueMac": {
              "type": "Buffer",
              "data": "YDtjc1zuJ2/DIG/6KfUKryZ1AzRG+fbNFn8iifugPMA="
            }
          },
          "44W0kvOYdd325PAbMK9XU/ciq38ukVIEOBmMb3iwsAE=": {
            "valueMac": {
              "type": "Buffer",
              "data": "3InX0zG9ycbKzzI43qtpVFLCMNKhjr1JjlbzOAjm4NE="
            }
          },
          "4+PJfmlaf2bRQnv2YNFH+RoVB5OpIdFij2cSTxjwqKY=": {
            "valueMac": {
              "type": "Buffer",
              "data": "zS9r2P3pT4V5cHADrNegs+FWrnbblMhAbwStw7vA4YQ="
            }
          },
          "5ZVpqj/ndzKv6rVIly74cj5ubKTt0gqd8MV+gmPQWs8=": {
            "valueMac": {
              "type": "Buffer",
              "data": "2UjVEeOVqxCR99I3TrwgDODmBVouZJkdZt+8eqOs6qo="
            }
          },
          "5gh+VYxyX2YFwHJO8JcMrDzuIaOItb7dTx2eb86Nw5I=": {
            "valueMac": {
              "type": "Buffer",
              "data": "uVvPqUc9nOgI8EyfHBOw4915ihMBG8xKfyp2j8XKhUk="
            }
          },
          "569f6Dd7zX3862AXbZF0Z/h76jZGJH43jBbMsXUT0TY=": {
            "valueMac": {
              "type": "Buffer",
              "data": "spnj4V/BtmEiTRcwniM/JwJMAD7J2rz1rdpbQUz1/3c="
            }
          },
          "5/aL70lR8vQqJ6CmhiZeIsxBwHpTP8kzD8DQBCNxtec=": {
            "valueMac": {
              "type": "Buffer",
              "data": "ZEghHZxUmz3dphC6Anm0VQi/vFTamdDKlfdpdAf9WYY="
            }
          },
          "6HyY0yHZwu7E/+T1+urXyMfhJ0TqIvrskVfSKvyD7+4=": {
            "valueMac": {
              "type": "Buffer",
              "data": "EpkvTUFefefvuk/dMN+m8tp0+SP9qBRaxQbGVhJBlY4="
            }
          },
          "7lz+vnyzKIWwk+uAuTI/dZnQzfOiK+hwR0928eaFLyw=": {
            "valueMac": {
              "type": "Buffer",
              "data": "2EmZfOEKrFMeS4So3P9PaaDvxF0OhsUxVijAY7pZk2w="
            }
          },
          "77Z4wUSSKqsV7o62I3ynbd7hSBGX1yzbsZzTMTPuwe0=": {
            "valueMac": {
              "type": "Buffer",
              "data": "QSlpHMcnSKO3hHo05+b+yx3hNZEsOW39S+W9fPOL/58="
            }
          },
          "8IjoTnTrNmT58z7/BvQGsDWZK6QknufT4C4LL4EEJfs=": {
            "valueMac": {
              "type": "Buffer",
              "data": "4Cumnnc7FWXakULBES181ljTb3lgFEL/iPetIe9ZghY="
            }
          },
          "8L/nMhAc9fp7AOWqsUoJHYVPPTLL154nUFTWWB0vWDQ=": {
            "valueMac": {
              "type": "Buffer",
              "data": "8uPH/2W+EjULWA342km1p20oVY4eJtPV0QFuIaBSMrA="
            }
          },
          "8wHuolormRZyzn7MQuE1KHTIc5f4NvZeJ+3MYn8FQac=": {
            "valueMac": {
              "type": "Buffer",
              "data": "3WYVDZQ7FSryHVFhuBYvm4lVKkM0O3SmFX0urDT21uA="
            }
          },
          "9TCPxAvMIjgAlBFse4EN+WBnIm6bHx8+CMdUHjxxPEQ=": {
            "valueMac": {
              "type": "Buffer",
              "data": "Gh/RdeGYgjZ5ZFoNKc6VLVepVSLwwTHbvjNhxy41h1s="
            }
          },
          "9d5DP1l6f5Uz9EtzMSogD0Y+I+wKO0dd1VkSrG8XiqI=": {
            "valueMac": {
              "type": "Buffer",
              "data": "fKq4FO6SjuRhJuTpocInB+P+uTZLgEWtpl0K3rQYCpA="
            }
          },
          "9g+xR/sPz2LKv9cXvh9LJ1BzhLe2tqqjQQl1NGuMkGk=": {
            "valueMac": {
              "type": "Buffer",
              "data": "DbdH+ePguaa13ZI+STepGFpuGI8M9ewk6/5hs/7nDEo="
            }
          },
          "/DewT6c/PekCx7HRraFRtzdndVnbKA3gcsWDmWpGpso=": {
            "valueMac": {
              "type": "Buffer",
              "data": "N7f3CXxR/SdQFbMbaZcJHI6Z5MEJyQ9DIKiCqTscS4I="
            }
          },
          "/IkXhy0rT3Mgn2UDornTuUQO9nkcVgOUHS4E0ZDKRIY=": {
            "valueMac": {
              "type": "Buffer",
              "data": "YeipaeF0rkZrq9bSUOo5SmAJWZVNLrGKp1gia5dk51w="
            }
          },
          "/qtHv/VBBteAFmirxYoY4P8RgfdHR6cPPYZmBAcBhsc=": {
            "valueMac": {
              "type": "Buffer",
              "data": "4JZQTLfuO1dH/i7pLFrbPOwZmc9nPcSQr9647qmc4Ho="
            }
          }
        }
      }
    },
    "senderKeys": {
      "status@broadcast::62895320084490::0": [
        {
          "senderKeyId": 864803060,
          "senderChainKey": {
            "iteration": 3,
            "seed": "HB622SzhMFICSKlwwFqVpWdTTY94nYlvtStCoiopLN4="
          },
          "senderSigningKey": {
            "public": "BaPdCdjeRLIxZ2O9IYPVpUA4cTgNHlMCEJ/4gl2pH4Q9"
          }
        }
      ],
      "status@broadcast::6285870752650::0": [
        {
          "senderKeyId": 711439941,
          "senderChainKey": {
            "iteration": 1,
            "seed": "T6UpzbsetKYhghxOhgF1xr0Sk3Qjx/iGySnojaj+UMk="
          },
          "senderSigningKey": {
            "public": "BdEpn6d3ADD3NzFHXQsXTrlSE2FnQopwgMcanShzTlBu"
          }
        }
      ],
      "6281236205193-1632124404@g.us::6287764543059::0": [
        {
          "senderKeyId": 417798125,
          "senderChainKey": {
            "iteration": 16,
            "seed": "t7CGmpWZVAa2XwNmbO6fIB6LooPw8cNUxuzRZms5GnA="
          },
          "senderSigningKey": {
            "public": "BaKGMaI0dshufnKgxByB+/lmGusrb8Mah+jMqPQSXfsC"
          }
        }
      ]
    }
  }
}